hostname,os,environment,country,node
HTDEU001,HP-UX,Test,Germany,1
AIIRL001,AIX,Integration,Ireland,1
SPIRL001,Solaris,Production,Ireland,1
LSITA001,Linux,Staging,Italy,1
SPITA001,Solaris,Production,Italy,1
LSESP001,Linux,Staging,Spain,1
SSNOR001,Solaris,Staging,Norway,1
APITA001,AIX,Production,Italy,1
SIIRL001,Solaris,Integration,Ireland,1
HDITA001,HP-UX,Development,Italy,1
ATIRL001,AIX,Test,Ireland,1
SPITA002,Solaris,Production,Italy,2
LSIRL001,Linux,Staging,Ireland,1
SPITA003,Solaris,Production,Italy,3
SDFRA001,Solaris,Development,France,1
LIITA001,Linux,Integration,Italy,1
LPESP001,Linux,Production,Spain,1
LPFRA001,Linux,Production,France,1
SSNOR002,Solaris,Staging,Norway,2
SIITA001,Solaris,Integration,Italy,1
LDDEU001,Linux,Development,Germany,1
LDIRL001,Linux,Development,Ireland,1
ASFRA001,AIX,Staging,France,1
LSITA002,Linux,Staging,Italy,2
LTITA001,Linux,Test,Italy,1
SPITA004,Solaris,Production,Italy,4
SPITA005,Solaris,Production,Italy,5
LIESP001,Linux,Integration,Spain,1
HSDEU001,HP-UX,Staging,Germany,1
SDDEU001,Solaris,Development,Germany,1
ADESP001,AIX,Development,Spain,1
LTDEU001,Linux,Test,Germany,1
LSESP002,Linux,Staging,Spain,2
ASDEU001,AIX,Staging,Germany,1
ASITA001,AIX,Staging,Italy,1
LPDEU001,Linux,Production,Germany,1
LSDEU001,Linux,Staging,Germany,1
LDITA001,Linux,Development,Italy,1
LPDEU002,Linux,Production,Germany,2
SIESP001,Solaris,Integration,Spain,1
HDDEU001,HP-UX,Development,Germany,1
ASITA002,AIX,Staging,Italy,2
HSDEU002,HP-UX,Staging,Germany,2
SSIRL001,Solaris,Staging,Ireland,1
ASITA003,AIX,Staging,Italy,3
SPITA006,Solaris,Production,Italy,6
HDDEU002,HP-UX,Development,Germany,2
ATDEU001,AIX,Test,Germany,1
STITA001,Solaris,Test,Italy,1
ATDEU002,AIX,Test,Germany,2
SPITA007,Solaris,Production,Italy,7
STDEU001,Solaris,Test,Germany,1
ATFRA001,AIX,Test,France,1
SSDEU001,Solaris,Staging,Germany,1
LDFRA001,Linux,Development,France,1
HPDEU001,HP-UX,Production,Germany,1
HDIRL001,HP-UX,Development,Ireland,1
HSITA001,HP-UX,Staging,Italy,1
ADIRL001,AIX,Development,Ireland,1
SDIRL001,Solaris,Development,Ireland,1
HSIRL001,HP-UX,Staging,Ireland,1
LDITA002,Linux,Development,Italy,2
ATESP001,AIX,Test,Spain,1
LTITA002,Linux,Test,Italy,2
HTIRL001,HP-UX,Test,Ireland,1
HTITA001,HP-UX,Test,Italy,1
SIESP002,Solaris,Integration,Spain,2
SSITA001,Solaris,Staging,Italy,1
ASDEU002,AIX,Staging,Germany,2
SIIRL002,Solaris,Integration,Ireland,2
LDDEU002,Linux,Development,Germany,2
LTFRA001,Linux,Test,France,1
ASDEU003,AIX,Staging,Germany,3
SSFRA001,Solaris,Staging,France,1
LSDEU002,Linux,Staging,Germany,2
SPDEU001,Solaris,Production,Germany,1
STITA002,Solaris,Test,Italy,2
LSIRL002,Linux,Staging,Ireland,2
SSIRL002,Solaris,Staging,Ireland,2
LTIRL001,Linux,Test,Ireland,1
SPDEU002,Solaris,Production,Germany,2
HDESP001,HP-UX,Development,Spain,1
SPFRA001,Solaris,Production,France,1
LTITA003,Linux,Test,Italy,3
APDEU001,AIX,Production,Germany,1
LDIRL002,Linux,Development,Ireland,2
ASDEU004,AIX,Staging,Germany,4
LSDEU003,Linux,Staging,Germany,3
LPDEU003,Linux,Production,Germany,3
SDITA001,Solaris,Development,Italy,1
SDESP001,Solaris,Development,Spain,1
SSIRL003,Solaris,Staging,Ireland,3
LSITA003,Linux,Staging,Italy,3
LSDEU004,Linux,Staging,Germany,4
LDESP001,Linux,Development,Spain,1
SPIRL002,Solaris,Production,Ireland,2
LPIRL001,Linux,Production,Ireland,1
AIFRA001,AIX,Integration,France,1
HDFRA001,HP-UX,Development,France,1
SSFRA002,Solaris,Staging,France,2
HDIRL002,HP-UX,Development,Ireland,2
APESP001,AIX,Production,Spain,1
SPDEU003,Solaris,Production,Germany,3
LPFRA002,Linux,Production,France,2
LPDEU004,Linux,Production,Germany,4
LPESP002,Linux,Production,Spain,2
ATITA001,AIX,Test,Italy,1
APIRL001,AIX,Production,Ireland,1
SIESP003,Solaris,Integration,Spain,3
LSITA004,Linux,Staging,Italy,4
LDFRA002,Linux,Development,France,2
HSNOR001,HP-UX,Staging,Norway,1
APIRL002,AIX,Production,Ireland,2
LIIRL001,Linux,Integration,Ireland,1
SDITA002,Solaris,Development,Italy,2
STESP001,Solaris,Test,Spain,1
STFRA001,Solaris,Test,France,1
LTNOR001,Linux,Test,Norway,1
HSDEU003,HP-UX,Staging,Germany,3
SPDEU004,Solaris,Production,Germany,4
LIIRL002,Linux,Integration,Ireland,2
SSITA002,Solaris,Staging,Italy,2
LPIRL002,Linux,Production,Ireland,2
APIRL003,AIX,Production,Ireland,3
HDESP002,HP-UX,Development,Spain,2
SPESP001,Solaris,Production,Spain,1
HIDEU001,HP-UX,Integration,Germany,1
HPDEU002,HP-UX,Production,Germany,2
LTITA004,Linux,Test,Italy,4
SDESP002,Solaris,Development,Spain,2
LTFRA002,Linux,Test,France,2
LSESP003,Linux,Staging,Spain,3
APDEU002,AIX,Production,Germany,2
STIRL001,Solaris,Test,Ireland,1
ATDEU003,AIX,Test,Germany,3
SPIRL003,Solaris,Production,Ireland,3
LTITA005,Linux,Test,Italy,5
LPITA001,Linux,Production,Italy,1
AIIRL002,AIX,Integration,Ireland,2
HTFRA001,HP-UX,Test,France,1
SPESP002,Solaris,Production,Spain,2
LDIRL003,Linux,Development,Ireland,3
HPIRL001,HP-UX,Production,Ireland,1
LIIRL003,Linux,Integration,Ireland,3
SDIRL002,Solaris,Development,Ireland,2
LSIRL003,Linux,Staging,Ireland,3
ASNOR001,AIX,Staging,Norway,1
STIRL002,Solaris,Test,Ireland,2
HTESP001,HP-UX,Test,Spain,1
APIRL004,AIX,Production,Ireland,4
LTIRL002,Linux,Test,Ireland,2
APESP002,AIX,Production,Spain,2
HDITA002,HP-UX,Development,Italy,2
LIFRA001,Linux,Integration,France,1
ASIRL001,AIX,Staging,Ireland,1
LPIRL003,Linux,Production,Ireland,3
SSESP001,Solaris,Staging,Spain,1
APIRL005,AIX,Production,Ireland,5
STIRL003,Solaris,Test,Ireland,3
STESP002,Solaris,Test,Spain,2
STITA003,Solaris,Test,Italy,3
SPIRL004,Solaris,Production,Ireland,4
HPIRL002,HP-UX,Production,Ireland,2
LTNOR002,Linux,Test,Norway,2
LTDEU002,Linux,Test,Germany,2
LSIRL004,Linux,Staging,Ireland,4
APITA002,AIX,Production,Italy,2
APIRL006,AIX,Production,Ireland,6
HPESP001,HP-UX,Production,Spain,1
LTIRL003,Linux,Test,Ireland,3
HTFRA002,HP-UX,Test,France,2
SPFRA002,Solaris,Production,France,2
SPIRL005,Solaris,Production,Ireland,5
SPIRL006,Solaris,Production,Ireland,6
APESP003,AIX,Production,Spain,3
SIDEU001,Solaris,Integration,Germany,1
SSITA003,Solaris,Staging,Italy,3
HPFRA001,HP-UX,Production,France,1
ADIRL002,AIX,Development,Ireland,2
SSIRL004,Solaris,Staging,Ireland,4
LPDEU005,Linux,Production,Germany,5
LSITA005,Linux,Staging,Italy,5
LPDEU006,Linux,Production,Germany,6
SIDEU002,Solaris,Integration,Germany,2
LSFRA001,Linux,Staging,France,1
SSITA004,Solaris,Staging,Italy,4
HPIRL003,HP-UX,Production,Ireland,3
LPIRL004,Linux,Production,Ireland,4
ASIRL002,AIX,Staging,Ireland,2
SPITA008,Solaris,Production,Italy,8
STITA004,Solaris,Test,Italy,4
HTNOR001,HP-UX,Test,Norway,1
SPITA009,Solaris,Production,Italy,9
LDIRL004,Linux,Development,Ireland,4
LDDEU003,Linux,Development,Germany,3
LTESP001,Linux,Test,Spain,1
HTDEU002,HP-UX,Test,Germany,2
LSIRL005,Linux,Staging,Ireland,5
SPIRL007,Solaris,Production,Ireland,7
SPIRL008,Solaris,Production,Ireland,8
LSESP004,Linux,Staging,Spain,4
LSNOR001,Linux,Staging,Norway,1
LDESP002,Linux,Development,Spain,2
LIIRL004,Linux,Integration,Ireland,4
LSESP005,Linux,Staging,Spain,5
ASDEU005,AIX,Staging,Germany,5
SPITA010,Solaris,Production,Italy,10
APDEU003,AIX,Production,Germany,3
STNOR001,Solaris,Test,Norway,1
LPIRL005,Linux,Production,Ireland,5
SPDEU005,Solaris,Production,Germany,5
SSDEU002,Solaris,Staging,Germany,2
HSDEU004,HP-UX,Staging,Germany,4
SPESP003,Solaris,Production,Spain,3
ATESP002,AIX,Test,Spain,2
SSESP002,Solaris,Staging,Spain,2
LPDEU007,Linux,Production,Germany,7
LDDEU004,Linux,Development,Germany,4
LTIRL004,Linux,Test,Ireland,4
HPIRL004,HP-UX,Production,Ireland,4
APIRL007,AIX,Production,Ireland,7
HSFRA001,HP-UX,Staging,France,1
AIIRL003,AIX,Integration,Ireland,3
LPFRA003,Linux,Production,France,3
LPESP003,Linux,Production,Spain,3
LSDEU005,Linux,Staging,Germany,5
LDNOR001,Linux,Development,Norway,1
LTDEU003,Linux,Test,Germany,3
LTIRL005,Linux,Test,Ireland,5
ATESP003,AIX,Test,Spain,3
SPITA011,Solaris,Production,Italy,11
APIRL008,AIX,Production,Ireland,8
LPIRL006,Linux,Production,Ireland,6
HPDEU003,HP-UX,Production,Germany,3
LDITA003,Linux,Development,Italy,3
LDIRL005,Linux,Development,Ireland,5
LSESP006,Linux,Staging,Spain,6
LPIRL007,Linux,Production,Ireland,7
LSIRL006,Linux,Staging,Ireland,6
LSITA006,Linux,Staging,Italy,6
ASDEU006,AIX,Staging,Germany,6
STFRA002,Solaris,Test,France,2
LPIRL008,Linux,Production,Ireland,8
SDNOR001,Solaris,Development,Norway,1
ASESP001,AIX,Staging,Spain,1
LIESP002,Linux,Integration,Spain,2
LTDEU004,Linux,Test,Germany,4
APIRL009,AIX,Production,Ireland,9
SPFRA003,Solaris,Production,France,3
LSFRA002,Linux,Staging,France,2
LIIRL005,Linux,Integration,Ireland,5
LTFRA003,Linux,Test,France,3
LSDEU006,Linux,Staging,Germany,6
LPESP004,Linux,Production,Spain,4
HTESP002,HP-UX,Test,Spain,2
SPITA012,Solaris,Production,Italy,12
SDITA003,Solaris,Development,Italy,3
LSITA007,Linux,Staging,Italy,7
SPFRA004,Solaris,Production,France,4
ADIRL003,AIX,Development,Ireland,3
APIRL010,AIX,Production,Ireland,10
LPIRL009,Linux,Production,Ireland,9
LPFRA004,Linux,Production,France,4
LDITA004,Linux,Development,Italy,4
SPESP004,Solaris,Production,Spain,4
LDESP003,Linux,Development,Spain,3
LPITA002,Linux,Production,Italy,2
LDITA005,Linux,Development,Italy,5
SSIRL005,Solaris,Staging,Ireland,5
STIRL004,Solaris,Test,Ireland,4
LSDEU007,Linux,Staging,Germany,7
STNOR002,Solaris,Test,Norway,2
STESP003,Solaris,Test,Spain,3
STITA005,Solaris,Test,Italy,5
LTDEU005,Linux,Test,Germany,5
LTIRL006,Linux,Test,Ireland,6
STESP004,Solaris,Test,Spain,4
LPFRA005,Linux,Production,France,5
ASDEU007,AIX,Staging,Germany,7
STITA006,Solaris,Test,Italy,6
STDEU002,Solaris,Test,Germany,2
LPIRL010,Linux,Production,Ireland,10
AIIRL004,AIX,Integration,Ireland,4
HDESP003,HP-UX,Development,Spain,3
HPITA001,HP-UX,Production,Italy,1
LDDEU005,Linux,Development,Germany,5
HDDEU003,HP-UX,Development,Germany,3
LDFRA003,Linux,Development,France,3
SIESP004,Solaris,Integration,Spain,4
LSITA008,Linux,Staging,Italy,8
LDIRL006,Linux,Development,Ireland,6
SDIRL003,Solaris,Development,Ireland,3
HSDEU005,HP-UX,Staging,Germany,5
LSDEU008,Linux,Staging,Germany,8
LPIRL011,Linux,Production,Ireland,11
ASESP002,AIX,Staging,Spain,2
APDEU004,AIX,Production,Germany,4
LTNOR003,Linux,Test,Norway,3
SPESP005,Solaris,Production,Spain,5
LTESP002,Linux,Test,Spain,2
LTDEU006,Linux,Test,Germany,6
AIIRL005,AIX,Integration,Ireland,5
SSDEU003,Solaris,Staging,Germany,3
ADIRL004,AIX,Development,Ireland,4
SDIRL004,Solaris,Development,Ireland,4
LIIRL006,Linux,Integration,Ireland,6
LSIRL007,Linux,Staging,Ireland,7
ATFRA002,AIX,Test,France,2
LPDEU008,Linux,Production,Germany,8
SSDEU004,Solaris,Staging,Germany,4
LSITA009,Linux,Staging,Italy,9
LIDEU001,Linux,Integration,Germany,1
ATDEU004,AIX,Test,Germany,4
ATIRL002,AIX,Test,Ireland,2
LPIRL012,Linux,Production,Ireland,12
SIDEU003,Solaris,Integration,Germany,3
ATESP004,AIX,Test,Spain,4
HIDEU002,HP-UX,Integration,Germany,2
LDIRL007,Linux,Development,Ireland,7
LPIRL013,Linux,Production,Ireland,13
SIESP005,Solaris,Integration,Spain,5
HDIRL003,HP-UX,Development,Ireland,3
LDDEU006,Linux,Development,Germany,6
APIRL011,AIX,Production,Ireland,11
LSESP007,Linux,Staging,Spain,7
LIIRL007,Linux,Integration,Ireland,7
SPDEU006,Solaris,Production,Germany,6
STITA007,Solaris,Test,Italy,7
ASDEU008,AIX,Staging,Germany,8
LSFRA003,Linux,Staging,France,3
LSDEU009,Linux,Staging,Germany,9
STIRL005,Solaris,Test,Ireland,5
HDDEU004,HP-UX,Development,Germany,4
ASIRL003,AIX,Staging,Ireland,3
LDNOR002,Linux,Development,Norway,2
ASIRL004,AIX,Staging,Ireland,4
HPIRL005,HP-UX,Production,Ireland,5
STNOR003,Solaris,Test,Norway,3
LPESP005,Linux,Production,Spain,5
LDDEU007,Linux,Development,Germany,7
APIRL012,AIX,Production,Ireland,12
APFRA001,AIX,Production,France,1
LSITA010,Linux,Staging,Italy,10
HSIRL002,HP-UX,Staging,Ireland,2
SPITA013,Solaris,Production,Italy,13
AIITA001,AIX,Integration,Italy,1
LPIRL014,Linux,Production,Ireland,14
SPDEU007,Solaris,Production,Germany,7
STDEU003,Solaris,Test,Germany,3
LTDEU007,Linux,Test,Germany,7
SPIRL009,Solaris,Production,Ireland,9
STIRL006,Solaris,Test,Ireland,6
ADIRL005,AIX,Development,Ireland,5
LSDEU010,Linux,Staging,Germany,10
SSIRL006,Solaris,Staging,Ireland,6
APDEU005,AIX,Production,Germany,5
SSIRL007,Solaris,Staging,Ireland,7
HSDEU006,HP-UX,Staging,Germany,6
SSIRL008,Solaris,Staging,Ireland,8
SPIRL010,Solaris,Production,Ireland,10
ATIRL003,AIX,Test,Ireland,3
LDDEU008,Linux,Development,Germany,8
LTIRL007,Linux,Test,Ireland,7
LTESP003,Linux,Test,Spain,3
STNOR004,Solaris,Test,Norway,4
ADITA001,AIX,Development,Italy,1
LPITA003,Linux,Production,Italy,3
ATFRA003,AIX,Test,France,3
STESP005,Solaris,Test,Spain,5
STDEU004,Solaris,Test,Germany,4
LPESP006,Linux,Production,Spain,6
STESP006,Solaris,Test,Spain,6
LPDEU009,Linux,Production,Germany,9
LSDEU011,Linux,Staging,Germany,11
LPESP007,Linux,Production,Spain,7
LDDEU009,Linux,Development,Germany,9
ATDEU005,AIX,Test,Germany,5
LPITA004,Linux,Production,Italy,4
STIRL007,Solaris,Test,Ireland,7
HSESP001,HP-UX,Staging,Spain,1
SDITA004,Solaris,Development,Italy,4
LIFRA002,Linux,Integration,France,2
SDNOR002,Solaris,Development,Norway,2
LTESP004,Linux,Test,Spain,4
ASDEU009,AIX,Staging,Germany,9
HSIRL003,HP-UX,Staging,Ireland,3
LPIRL015,Linux,Production,Ireland,15
HSIRL004,HP-UX,Staging,Ireland,4
STITA008,Solaris,Test,Italy,8
ASESP003,AIX,Staging,Spain,3
ASIRL005,AIX,Staging,Ireland,5
APESP004,AIX,Production,Spain,4
LPIRL016,Linux,Production,Ireland,16
ADIRL006,AIX,Development,Ireland,6
LPDEU010,Linux,Production,Germany,10
STFRA003,Solaris,Test,France,3
LDIRL008,Linux,Development,Ireland,8
LSDEU012,Linux,Staging,Germany,12
SPITA014,Solaris,Production,Italy,14
AIFRA002,AIX,Integration,France,2
HSNOR002,HP-UX,Staging,Norway,2
LDESP004,Linux,Development,Spain,4
LPESP008,Linux,Production,Spain,8
LPDEU011,Linux,Production,Germany,11
LPESP009,Linux,Production,Spain,9
SPESP006,Solaris,Production,Spain,6
SPDEU008,Solaris,Production,Germany,8
LSFRA004,Linux,Staging,France,4
AIFRA003,AIX,Integration,France,3
LSIRL008,Linux,Staging,Ireland,8
LSDEU013,Linux,Staging,Germany,13
APNOR001,AIX,Production,Norway,1
STIRL008,Solaris,Test,Ireland,8
ATDEU006,AIX,Test,Germany,6
STDEU005,Solaris,Test,Germany,5
SIIRL003,Solaris,Integration,Ireland,3
LTDEU008,Linux,Test,Germany,8
HPIRL006,HP-UX,Production,Ireland,6
LPFRA006,Linux,Production,France,6
LTITA006,Linux,Test,Italy,6
LDESP005,Linux,Development,Spain,5
STIRL009,Solaris,Test,Ireland,9
HTIRL002,HP-UX,Test,Ireland,2
SDFRA002,Solaris,Development,France,2
ASIRL006,AIX,Staging,Ireland,6
LIFRA003,Linux,Integration,France,3
LTDEU009,Linux,Test,Germany,9
ADFRA001,AIX,Development,France,1
LDIRL009,Linux,Development,Ireland,9
STIRL010,Solaris,Test,Ireland,10
AIDEU001,AIX,Integration,Germany,1
LPITA005,Linux,Production,Italy,5
LTESP005,Linux,Test,Spain,5
HPIRL007,HP-UX,Production,Ireland,7
STESP007,Solaris,Test,Spain,7
LSDEU014,Linux,Staging,Germany,14
ADIRL007,AIX,Development,Ireland,7
LTITA007,Linux,Test,Italy,7
LIESP003,Linux,Integration,Spain,3
STIRL011,Solaris,Test,Ireland,11
ASIRL007,AIX,Staging,Ireland,7
HTITA002,HP-UX,Test,Italy,2
LSITA011,Linux,Staging,Italy,11
LPITA006,Linux,Production,Italy,6
APIRL013,AIX,Production,Ireland,13
SDDEU002,Solaris,Development,Germany,2
LSDEU015,Linux,Staging,Germany,15
SPITA015,Solaris,Production,Italy,15
SSDEU005,Solaris,Staging,Germany,5
STFRA004,Solaris,Test,France,4
ATIRL004,AIX,Test,Ireland,4
LPDEU012,Linux,Production,Germany,12
AIESP001,AIX,Integration,Spain,1
HPIRL008,HP-UX,Production,Ireland,8
SPESP007,Solaris,Production,Spain,7
APNOR002,AIX,Production,Norway,2
APIRL014,AIX,Production,Ireland,14
SPESP008,Solaris,Production,Spain,8
SPESP009,Solaris,Production,Spain,9
AIESP002,AIX,Integration,Spain,2
APDEU006,AIX,Production,Germany,6
ATDEU007,AIX,Test,Germany,7
APIRL015,AIX,Production,Ireland,15
SIITA002,Solaris,Integration,Italy,2
SPIRL011,Solaris,Production,Ireland,11
HSESP002,HP-UX,Staging,Spain,2
SSDEU006,Solaris,Staging,Germany,6
STITA009,Solaris,Test,Italy,9
STNOR005,Solaris,Test,Norway,5
LIESP004,Linux,Integration,Spain,4
SPDEU009,Solaris,Production,Germany,9
SSDEU007,Solaris,Staging,Germany,7
SPITA016,Solaris,Production,Italy,16
STNOR006,Solaris,Test,Norway,6
APIRL016,AIX,Production,Ireland,16
ATDEU008,AIX,Test,Germany,8
SPIRL012,Solaris,Production,Ireland,12
ATITA002,AIX,Test,Italy,2
ADIRL008,AIX,Development,Ireland,8
ATFRA004,AIX,Test,France,4
LPDEU013,Linux,Production,Germany,13
LPIRL017,Linux,Production,Ireland,17
HPESP002,HP-UX,Production,Spain,2
SDIRL005,Solaris,Development,Ireland,5
STESP008,Solaris,Test,Spain,8
SIITA003,Solaris,Integration,Italy,3
LIFRA004,Linux,Integration,France,4
STIRL012,Solaris,Test,Ireland,12
LPDEU014,Linux,Production,Germany,14
SPITA017,Solaris,Production,Italy,17
ATIRL005,AIX,Test,Ireland,5
LSITA012,Linux,Staging,Italy,12
LPIRL018,Linux,Production,Ireland,18
SPDEU010,Solaris,Production,Germany,10
APIRL017,AIX,Production,Ireland,17
ASESP004,AIX,Staging,Spain,4
SPIRL013,Solaris,Production,Ireland,13
STFRA005,Solaris,Test,France,5
ASITA004,AIX,Staging,Italy,4
SSFRA003,Solaris,Staging,France,3
SPIRL014,Solaris,Production,Ireland,14
AIESP003,AIX,Integration,Spain,3
SIDEU004,Solaris,Integration,Germany,4
SSFRA004,Solaris,Staging,France,4
ASITA005,AIX,Staging,Italy,5
ATIRL006,AIX,Test,Ireland,6
APIRL018,AIX,Production,Ireland,18
STITA010,Solaris,Test,Italy,10
LPFRA007,Linux,Production,France,7
SIDEU005,Solaris,Integration,Germany,5
HPDEU004,HP-UX,Production,Germany,4
SPIRL015,Solaris,Production,Ireland,15
STDEU006,Solaris,Test,Germany,6
SSIRL009,Solaris,Staging,Ireland,9
SIESP006,Solaris,Integration,Spain,6
LSESP008,Linux,Staging,Spain,8
SSDEU008,Solaris,Staging,Germany,8
SPFRA005,Solaris,Production,France,5
AIESP004,AIX,Integration,Spain,4
LPNOR001,Linux,Production,Norway,1
STESP009,Solaris,Test,Spain,9
SSIRL010,Solaris,Staging,Ireland,10
HPIRL009,HP-UX,Production,Ireland,9
LPIRL019,Linux,Production,Ireland,19
STITA011,Solaris,Test,Italy,11
LPESP010,Linux,Production,Spain,10
APNOR003,AIX,Production,Norway,3
LPIRL020,Linux,Production,Ireland,20
SDFRA003,Solaris,Development,France,3
LPDEU015,Linux,Production,Germany,15
STITA012,Solaris,Test,Italy,12
SDIRL006,Solaris,Development,Ireland,6
SSITA005,Solaris,Staging,Italy,5
SDITA005,Solaris,Development,Italy,5
LSDEU016,Linux,Staging,Germany,16
LSESP009,Linux,Staging,Spain,9
LPFRA008,Linux,Production,France,8
LSFRA005,Linux,Staging,France,5
SSITA006,Solaris,Staging,Italy,6
LTIRL008,Linux,Test,Ireland,8
SSITA007,Solaris,Staging,Italy,7
SSIRL011,Solaris,Staging,Ireland,11
ADESP002,AIX,Development,Spain,2
SPITA018,Solaris,Production,Italy,18
HPNOR001,HP-UX,Production,Norway,1
SSIRL012,Solaris,Staging,Ireland,12
LIFRA005,Linux,Integration,France,5
LPNOR002,Linux,Production,Norway,2
SPFRA006,Solaris,Production,France,6
SSFRA005,Solaris,Staging,France,5
LIDEU002,Linux,Integration,Germany,2
ATFRA005,AIX,Test,France,5
LPIRL021,Linux,Production,Ireland,21
SPESP010,Solaris,Production,Spain,10
HTDEU003,HP-UX,Test,Germany,3
SPDEU011,Solaris,Production,Germany,11
LIESP005,Linux,Integration,Spain,5
STDEU007,Solaris,Test,Germany,7
LPFRA009,Linux,Production,France,9
ATIRL007,AIX,Test,Ireland,7
APIRL019,AIX,Production,Ireland,19
LPIRL022,Linux,Production,Ireland,22
LIITA002,Linux,Integration,Italy,2
ATESP005,AIX,Test,Spain,5
LTIRL009,Linux,Test,Ireland,9
LTNOR004,Linux,Test,Norway,4
LTITA008,Linux,Test,Italy,8
APITA003,AIX,Production,Italy,3
HDFRA002,HP-UX,Development,France,2
HTITA003,HP-UX,Test,Italy,3
LTESP006,Linux,Test,Spain,6
ADESP003,AIX,Development,Spain,3
AIITA002,AIX,Integration,Italy,2
LPITA007,Linux,Production,Italy,7
HPNOR002,HP-UX,Production,Norway,2
LTIRL010,Linux,Test,Ireland,10
AIFRA004,AIX,Integration,France,4
LTIRL011,Linux,Test,Ireland,11
LPFRA010,Linux,Production,France,10
SPIRL016,Solaris,Production,Ireland,16
ADIRL009,AIX,Development,Ireland,9
HTIRL003,HP-UX,Test,Ireland,3
SIITA004,Solaris,Integration,Italy,4
HPDEU005,HP-UX,Production,Germany,5
LTIRL012,Linux,Test,Ireland,12
SPFRA007,Solaris,Production,France,7
ATESP006,AIX,Test,Spain,6
LPDEU016,Linux,Production,Germany,16
HSDEU007,HP-UX,Staging,Germany,7
SPESP011,Solaris,Production,Spain,11
LTIRL013,Linux,Test,Ireland,13
APNOR004,AIX,Production,Norway,4
STDEU008,Solaris,Test,Germany,8
LSESP010,Linux,Staging,Spain,10
LSDEU017,Linux,Staging,Germany,17
SSIRL013,Solaris,Staging,Ireland,13
HIESP001,HP-UX,Integration,Spain,1
LSIRL009,Linux,Staging,Ireland,9
ADESP004,AIX,Development,Spain,4
ATIRL008,AIX,Test,Ireland,8
LSDEU018,Linux,Staging,Germany,18
LDITA006,Linux,Development,Italy,6
LSDEU019,Linux,Staging,Germany,19
ASNOR002,AIX,Staging,Norway,2
APFRA002,AIX,Production,France,2
LDESP006,Linux,Development,Spain,6
LSITA013,Linux,Staging,Italy,13
LIIRL008,Linux,Integration,Ireland,8
LSIRL010,Linux,Staging,Ireland,10
APFRA003,AIX,Production,France,3
LPIRL023,Linux,Production,Ireland,23
SIITA005,Solaris,Integration,Italy,5
LSESP011,Linux,Staging,Spain,11
SDFRA004,Solaris,Development,France,4
SSIRL014,Solaris,Staging,Ireland,14
LPIRL024,Linux,Production,Ireland,24
ADDEU001,AIX,Development,Germany,1
HSIRL005,HP-UX,Staging,Ireland,5
LPIRL025,Linux,Production,Ireland,25
LPIRL026,Linux,Production,Ireland,26
ASIRL008,AIX,Staging,Ireland,8
STITA013,Solaris,Test,Italy,13
LSITA014,Linux,Staging,Italy,14
SPNOR001,Solaris,Production,Norway,1
LPITA008,Linux,Production,Italy,8
STITA014,Solaris,Test,Italy,14
ATESP007,AIX,Test,Spain,7
SSDEU009,Solaris,Staging,Germany,9
LTIRL014,Linux,Test,Ireland,14
SPITA019,Solaris,Production,Italy,19
STITA015,Solaris,Test,Italy,15
LSDEU020,Linux,Staging,Germany,20
SPDEU012,Solaris,Production,Germany,12
APITA004,AIX,Production,Italy,4
SDDEU003,Solaris,Development,Germany,3
STIRL013,Solaris,Test,Ireland,13
SSDEU010,Solaris,Staging,Germany,10
LTDEU010,Linux,Test,Germany,10
LTITA009,Linux,Test,Italy,9
LIDEU003,Linux,Integration,Germany,3
SDITA006,Solaris,Development,Italy,6
HPESP003,HP-UX,Production,Spain,3
LTIRL015,Linux,Test,Ireland,15
SDESP003,Solaris,Development,Spain,3
APESP005,AIX,Production,Spain,5
HTNOR002,HP-UX,Test,Norway,2
STDEU009,Solaris,Test,Germany,9
AIITA003,AIX,Integration,Italy,3
STIRL014,Solaris,Test,Ireland,14
APESP006,AIX,Production,Spain,6
SSESP003,Solaris,Staging,Spain,3
LSIRL011,Linux,Staging,Ireland,11
LSNOR002,Linux,Staging,Norway,2
LPIRL027,Linux,Production,Ireland,27
LDNOR003,Linux,Development,Norway,3
AIFRA005,AIX,Integration,France,5
LPIRL028,Linux,Production,Ireland,28
SIFRA001,Solaris,Integration,France,1
ASIRL009,AIX,Staging,Ireland,9
AIITA004,AIX,Integration,Italy,4
SPNOR002,Solaris,Production,Norway,2
LPNOR003,Linux,Production,Norway,3
LDDEU010,Linux,Development,Germany,10
SDITA007,Solaris,Development,Italy,7
LTNOR005,Linux,Test,Norway,5
ASIRL010,AIX,Staging,Ireland,10
LSDEU021,Linux,Staging,Germany,21
AIIRL006,AIX,Integration,Ireland,6
LTESP007,Linux,Test,Spain,7
LPITA009,Linux,Production,Italy,9
ATNOR001,AIX,Test,Norway,1
SIIRL004,Solaris,Integration,Ireland,4
LSIRL012,Linux,Staging,Ireland,12
LPITA010,Linux,Production,Italy,10
HSIRL006,HP-UX,Staging,Ireland,6
LTFRA004,Linux,Test,France,4
SPITA020,Solaris,Production,Italy,20
LPDEU017,Linux,Production,Germany,17
LPITA011,Linux,Production,Italy,11
STNOR007,Solaris,Test,Norway,7
HIESP002,HP-UX,Integration,Spain,2
LTITA010,Linux,Test,Italy,10
ADITA002,AIX,Development,Italy,2
STIRL015,Solaris,Test,Ireland,15
LPIRL029,Linux,Production,Ireland,29
SPITA021,Solaris,Production,Italy,21
APESP007,AIX,Production,Spain,7
LPIRL030,Linux,Production,Ireland,30
LSIRL013,Linux,Staging,Ireland,13
SIFRA002,Solaris,Integration,France,2
LTNOR006,Linux,Test,Norway,6
SDDEU004,Solaris,Development,Germany,4
SSIRL015,Solaris,Staging,Ireland,15
HPDEU006,HP-UX,Production,Germany,6
SPIRL017,Solaris,Production,Ireland,17
LTFRA005,Linux,Test,France,5
LIESP006,Linux,Integration,Spain,6
AIIRL007,AIX,Integration,Ireland,7
ASITA006,AIX,Staging,Italy,6
LSIRL014,Linux,Staging,Ireland,14
LTDEU011,Linux,Test,Germany,11
SIITA006,Solaris,Integration,Italy,6
HIIRL001,HP-UX,Integration,Ireland,1
LSIRL015,Linux,Staging,Ireland,15
AIIRL008,AIX,Integration,Ireland,8
ATIRL009,AIX,Test,Ireland,9
LIIRL009,Linux,Integration,Ireland,9
LSESP012,Linux,Staging,Spain,12
LSIRL016,Linux,Staging,Ireland,16
LTIRL016,Linux,Test,Ireland,16
APFRA004,AIX,Production,France,4
ADIRL010,AIX,Development,Ireland,10
LDDEU011,Linux,Development,Germany,11
STIRL016,Solaris,Test,Ireland,16
APIRL020,AIX,Production,Ireland,20
SDDEU005,Solaris,Development,Germany,5
SIDEU006,Solaris,Integration,Germany,6
APDEU007,AIX,Production,Germany,7
LSDEU022,Linux,Staging,Germany,22
LPITA012,Linux,Production,Italy,12
LIESP007,Linux,Integration,Spain,7
APESP008,AIX,Production,Spain,8
LSITA015,Linux,Staging,Italy,15
HTESP003,HP-UX,Test,Spain,3
APDEU008,AIX,Production,Germany,8
LSESP013,Linux,Staging,Spain,13
AIDEU002,AIX,Integration,Germany,2
LTIRL017,Linux,Test,Ireland,17
STDEU010,Solaris,Test,Germany,10
SIDEU007,Solaris,Integration,Germany,7
LDIRL010,Linux,Development,Ireland,10
LSITA016,Linux,Staging,Italy,16
LPITA013,Linux,Production,Italy,13
LIDEU004,Linux,Integration,Germany,4
LPNOR004,Linux,Production,Norway,4
LSESP014,Linux,Staging,Spain,14
APFRA005,AIX,Production,France,5
SSIRL016,Solaris,Staging,Ireland,16
ASITA007,AIX,Staging,Italy,7
LPIRL031,Linux,Production,Ireland,31
LDITA007,Linux,Development,Italy,7
HSIRL007,HP-UX,Staging,Ireland,7
STIRL017,Solaris,Test,Ireland,17
HTFRA003,HP-UX,Test,France,3
LDFRA004,Linux,Development,France,4
SSDEU011,Solaris,Staging,Germany,11
LPESP011,Linux,Production,Spain,11
SIIRL005,Solaris,Integration,Ireland,5
LSDEU023,Linux,Staging,Germany,23
LSIRL017,Linux,Staging,Ireland,17
APIRL021,AIX,Production,Ireland,21
ATFRA006,AIX,Test,France,6
SSESP004,Solaris,Staging,Spain,4
APDEU009,AIX,Production,Germany,9
LDIRL011,Linux,Development,Ireland,11
ATITA003,AIX,Test,Italy,3
HPITA002,HP-UX,Production,Italy,2
STFRA006,Solaris,Test,France,6
AINOR001,AIX,Integration,Norway,1
SPDEU013,Solaris,Production,Germany,13
LSDEU024,Linux,Staging,Germany,24
LTFRA006,Linux,Test,France,6
SSESP005,Solaris,Staging,Spain,5
LIDEU005,Linux,Integration,Germany,5
LDIRL012,Linux,Development,Ireland,12
APESP009,AIX,Production,Spain,9
LSIRL018,Linux,Staging,Ireland,18
LPIRL032,Linux,Production,Ireland,32
LTDEU012,Linux,Test,Germany,12
SSFRA006,Solaris,Staging,France,6
LIIRL010,Linux,Integration,Ireland,10
LSDEU025,Linux,Staging,Germany,25
LPDEU018,Linux,Production,Germany,18
LSFRA006,Linux,Staging,France,6
ASIRL011,AIX,Staging,Ireland,11
SPIRL018,Solaris,Production,Ireland,18
HIITA001,HP-UX,Integration,Italy,1
LINOR001,Linux,Integration,Norway,1
HPIRL010,HP-UX,Production,Ireland,10
LTNOR007,Linux,Test,Norway,7
ASESP005,AIX,Staging,Spain,5
ATIRL010,AIX,Test,Ireland,10
LPIRL033,Linux,Production,Ireland,33
APESP010,AIX,Production,Spain,10
SIIRL006,Solaris,Integration,Ireland,6
LTDEU013,Linux,Test,Germany,13
HSESP003,HP-UX,Staging,Spain,3
LDITA008,Linux,Development,Italy,8
AIESP005,AIX,Integration,Spain,5
ATESP008,AIX,Test,Spain,8
SPIRL019,Solaris,Production,Ireland,19
LTDEU014,Linux,Test,Germany,14
SSITA008,Solaris,Staging,Italy,8
ASITA008,AIX,Staging,Italy,8
LPDEU019,Linux,Production,Germany,19
LTFRA007,Linux,Test,France,7
LIIRL011,Linux,Integration,Ireland,11
HIITA002,HP-UX,Integration,Italy,2
LSNOR003,Linux,Staging,Norway,3
AIESP006,AIX,Integration,Spain,6
LPIRL034,Linux,Production,Ireland,34
LPNOR005,Linux,Production,Norway,5
ATITA004,AIX,Test,Italy,4
STIRL018,Solaris,Test,Ireland,18
SPITA022,Solaris,Production,Italy,22
HDITA003,HP-UX,Development,Italy,3
LSDEU026,Linux,Staging,Germany,26
ATESP009,AIX,Test,Spain,9
SDFRA005,Solaris,Development,France,5
LPDEU020,Linux,Production,Germany,20
HSESP004,HP-UX,Staging,Spain,4
SIESP007,Solaris,Integration,Spain,7
LTIRL018,Linux,Test,Ireland,18
AIDEU003,AIX,Integration,Germany,3
ASIRL012,AIX,Staging,Ireland,12
SIDEU008,Solaris,Integration,Germany,8
LPDEU021,Linux,Production,Germany,21
ASIRL013,AIX,Staging,Ireland,13
HSDEU008,HP-UX,Staging,Germany,8
HSNOR003,HP-UX,Staging,Norway,3
ASIRL014,AIX,Staging,Ireland,14
HSDEU009,HP-UX,Staging,Germany,9
APFRA006,AIX,Production,France,6
LTIRL019,Linux,Test,Ireland,19
LTIRL020,Linux,Test,Ireland,20
SSIRL017,Solaris,Staging,Ireland,17
SPESP012,Solaris,Production,Spain,12
SDIRL007,Solaris,Development,Ireland,7
LPFRA011,Linux,Production,France,11
LTESP008,Linux,Test,Spain,8
APIRL022,AIX,Production,Ireland,22
ATIRL011,AIX,Test,Ireland,11
APITA005,AIX,Production,Italy,5
SSIRL018,Solaris,Staging,Ireland,18
HPIRL011,HP-UX,Production,Ireland,11
LTIRL021,Linux,Test,Ireland,21
LDIRL013,Linux,Development,Ireland,13
HPESP004,HP-UX,Production,Spain,4
HSIRL008,HP-UX,Staging,Ireland,8
STFRA007,Solaris,Test,France,7
ASIRL015,AIX,Staging,Ireland,15
LSIRL019,Linux,Staging,Ireland,19
SPDEU014,Solaris,Production,Germany,14
LIDEU006,Linux,Integration,Germany,6
LSIRL020,Linux,Staging,Ireland,20
ASDEU010,AIX,Staging,Germany,10
ASESP006,AIX,Staging,Spain,6
LPITA014,Linux,Production,Italy,14
LPIRL035,Linux,Production,Ireland,35
LTNOR008,Linux,Test,Norway,8
SSITA009,Solaris,Staging,Italy,9
SSDEU012,Solaris,Staging,Germany,12
LDFRA005,Linux,Development,France,5
APDEU010,AIX,Production,Germany,10
LPIRL036,Linux,Production,Ireland,36
LSITA017,Linux,Staging,Italy,17
APESP011,AIX,Production,Spain,11
SPITA023,Solaris,Production,Italy,23
LPITA015,Linux,Production,Italy,15
LSESP015,Linux,Staging,Spain,15
HSITA002,HP-UX,Staging,Italy,2
STITA016,Solaris,Test,Italy,16
AIIRL009,AIX,Integration,Ireland,9
ASDEU011,AIX,Staging,Germany,11
SSDEU013,Solaris,Staging,Germany,13
LSESP016,Linux,Staging,Spain,16
LPFRA012,Linux,Production,France,12
LPIRL037,Linux,Production,Ireland,37
ASNOR003,AIX,Staging,Norway,3
LPDEU022,Linux,Production,Germany,22
LPFRA013,Linux,Production,France,13
LPIRL038,Linux,Production,Ireland,38
APIRL023,AIX,Production,Ireland,23
LSITA018,Linux,Staging,Italy,18
LTDEU015,Linux,Test,Germany,15
HPITA003,HP-UX,Production,Italy,3
HPDEU007,HP-UX,Production,Germany,7
SPFRA008,Solaris,Production,France,8
SPIRL020,Solaris,Production,Ireland,20
ATDEU009,AIX,Test,Germany,9
SPITA024,Solaris,Production,Italy,24
LPDEU023,Linux,Production,Germany,23
LTESP009,Linux,Test,Spain,9
LPESP012,Linux,Production,Spain,12
HPESP005,HP-UX,Production,Spain,5
STIRL019,Solaris,Test,Ireland,19
STNOR008,Solaris,Test,Norway,8
LTITA011,Linux,Test,Italy,11
HSESP005,HP-UX,Staging,Spain,5
LIFRA006,Linux,Integration,France,6
ADIRL011,AIX,Development,Ireland,11
LTNOR009,Linux,Test,Norway,9
SSITA010,Solaris,Staging,Italy,10
ASESP007,AIX,Staging,Spain,7
SSIRL019,Solaris,Staging,Ireland,19
STIRL020,Solaris,Test,Ireland,20
STIRL021,Solaris,Test,Ireland,21
SSDEU014,Solaris,Staging,Germany,14
ASIRL016,AIX,Staging,Ireland,16
LPITA016,Linux,Production,Italy,16
HTDEU004,HP-UX,Test,Germany,4
LTNOR010,Linux,Test,Norway,10
AINOR002,AIX,Integration,Norway,2
ATDEU010,AIX,Test,Germany,10
HPIRL012,HP-UX,Production,Ireland,12
ASFRA002,AIX,Staging,France,2
SSFRA007,Solaris,Staging,France,7
LPDEU024,Linux,Production,Germany,24
ASIRL017,AIX,Staging,Ireland,17
APIRL024,AIX,Production,Ireland,24
AIESP007,AIX,Integration,Spain,7
HTFRA004,HP-UX,Test,France,4
ATESP010,AIX,Test,Spain,10
LDIRL014,Linux,Development,Ireland,14
ASITA009,AIX,Staging,Italy,9
APESP012,AIX,Production,Spain,12
LPIRL039,Linux,Production,Ireland,39
SSITA011,Solaris,Staging,Italy,11
SSIRL020,Solaris,Staging,Ireland,20
SSDEU015,Solaris,Staging,Germany,15
ATDEU011,AIX,Test,Germany,11
STESP010,Solaris,Test,Spain,10
HTIRL004,HP-UX,Test,Ireland,4
APIRL025,AIX,Production,Ireland,25
LIIRL012,Linux,Integration,Ireland,12
SPITA025,Solaris,Production,Italy,25
LIDEU007,Linux,Integration,Germany,7
ATITA005,AIX,Test,Italy,5
LSDEU027,Linux,Staging,Germany,27
LSFRA007,Linux,Staging,France,7
LPDEU025,Linux,Production,Germany,25
LPDEU026,Linux,Production,Germany,26
LIIRL013,Linux,Integration,Ireland,13
LSIRL021,Linux,Staging,Ireland,21
LTITA012,Linux,Test,Italy,12
LPIRL040,Linux,Production,Ireland,40
SDITA008,Solaris,Development,Italy,8
LSIRL022,Linux,Staging,Ireland,22
LPESP013,Linux,Production,Spain,13
LIIRL014,Linux,Integration,Ireland,14
LPIRL041,Linux,Production,Ireland,41
ATDEU012,AIX,Test,Germany,12
LIESP008,Linux,Integration,Spain,8
SPIRL021,Solaris,Production,Ireland,21
LPDEU027,Linux,Production,Germany,27
HTDEU005,HP-UX,Test,Germany,5
LTITA013,Linux,Test,Italy,13
LPESP014,Linux,Production,Spain,14
ATESP011,AIX,Test,Spain,11
LPIRL042,Linux,Production,Ireland,42
HPIRL013,HP-UX,Production,Ireland,13
APESP013,AIX,Production,Spain,13
ASIRL018,AIX,Staging,Ireland,18
HSITA003,HP-UX,Staging,Italy,3
HTESP004,HP-UX,Test,Spain,4
STDEU011,Solaris,Test,Germany,11
LTITA014,Linux,Test,Italy,14
LPESP015,Linux,Production,Spain,15
APIRL026,AIX,Production,Ireland,26
LPIRL043,Linux,Production,Ireland,43
LSIRL023,Linux,Staging,Ireland,23
SIITA007,Solaris,Integration,Italy,7
SIDEU009,Solaris,Integration,Germany,9
LPNOR006,Linux,Production,Norway,6
HPDEU008,HP-UX,Production,Germany,8
APNOR005,AIX,Production,Norway,5
SPFRA009,Solaris,Production,France,9
LSDEU028,Linux,Staging,Germany,28
APESP014,AIX,Production,Spain,14
HTDEU006,HP-UX,Test,Germany,6
SDNOR003,Solaris,Development,Norway,3
ATDEU013,AIX,Test,Germany,13
LPDEU028,Linux,Production,Germany,28
LDDEU012,Linux,Development,Germany,12
ASDEU012,AIX,Staging,Germany,12
HPIRL014,HP-UX,Production,Ireland,14
SDITA009,Solaris,Development,Italy,9
LTIRL022,Linux,Test,Ireland,22
ASDEU013,AIX,Staging,Germany,13
SSESP006,Solaris,Staging,Spain,6
ASFRA003,AIX,Staging,France,3
HTDEU007,HP-UX,Test,Germany,7
SSIRL021,Solaris,Staging,Ireland,21
LINOR002,Linux,Integration,Norway,2
SSFRA008,Solaris,Staging,France,8
HSDEU010,HP-UX,Staging,Germany,10
SPITA026,Solaris,Production,Italy,26
ATDEU014,AIX,Test,Germany,14
LTIRL023,Linux,Test,Ireland,23
AIIRL010,AIX,Integration,Ireland,10
HSDEU011,HP-UX,Staging,Germany,11
LPIRL044,Linux,Production,Ireland,44
LSESP017,Linux,Staging,Spain,17
LTESP010,Linux,Test,Spain,10
LPIRL045,Linux,Production,Ireland,45
LPIRL046,Linux,Production,Ireland,46
ATESP012,AIX,Test,Spain,12
APIRL027,AIX,Production,Ireland,27
LDNOR004,Linux,Development,Norway,4
HSIRL009,HP-UX,Staging,Ireland,9
LPDEU029,Linux,Production,Germany,29
STFRA008,Solaris,Test,France,8
SPDEU015,Solaris,Production,Germany,15
LSDEU029,Linux,Staging,Germany,29
LPNOR007,Linux,Production,Norway,7
STIRL022,Solaris,Test,Ireland,22
LIESP009,Linux,Integration,Spain,9
LPIRL047,Linux,Production,Ireland,47
HSITA004,HP-UX,Staging,Italy,4
LPESP016,Linux,Production,Spain,16
STITA017,Solaris,Test,Italy,17
ATITA006,AIX,Test,Italy,6
AIIRL011,AIX,Integration,Ireland,11
STDEU012,Solaris,Test,Germany,12
HTITA004,HP-UX,Test,Italy,4
HPESP006,HP-UX,Production,Spain,6
SSDEU016,Solaris,Staging,Germany,16
APFRA007,AIX,Production,France,7
HTITA005,HP-UX,Test,Italy,5
LSDEU030,Linux,Staging,Germany,30
SPIRL022,Solaris,Production,Ireland,22
ASIRL019,AIX,Staging,Ireland,19
SPDEU016,Solaris,Production,Germany,16
LPIRL048,Linux,Production,Ireland,48
SPDEU017,Solaris,Production,Germany,17
STESP011,Solaris,Test,Spain,11
SPESP013,Solaris,Production,Spain,13
LSDEU031,Linux,Staging,Germany,31
SPESP014,Solaris,Production,Spain,14
STIRL023,Solaris,Test,Ireland,23
LPDEU030,Linux,Production,Germany,30
STDEU013,Solaris,Test,Germany,13
HIESP003,HP-UX,Integration,Spain,3
LPDEU031,Linux,Production,Germany,31
SSIRL022,Solaris,Staging,Ireland,22
SPFRA010,Solaris,Production,France,10
SSIRL023,Solaris,Staging,Ireland,23
SPIRL023,Solaris,Production,Ireland,23
ATITA007,AIX,Test,Italy,7
STITA018,Solaris,Test,Italy,18
APFRA008,AIX,Production,France,8
ATITA008,AIX,Test,Italy,8
LTITA015,Linux,Test,Italy,15
LDIRL015,Linux,Development,Ireland,15
APESP015,AIX,Production,Spain,15
LPIRL049,Linux,Production,Ireland,49
SPIRL024,Solaris,Production,Ireland,24
ASNOR004,AIX,Staging,Norway,4
HPDEU009,HP-UX,Production,Germany,9
LTIRL024,Linux,Test,Ireland,24
ADDEU002,AIX,Development,Germany,2
LSNOR004,Linux,Staging,Norway,4
SPDEU018,Solaris,Production,Germany,18
LPITA017,Linux,Production,Italy,17
APESP016,AIX,Production,Spain,16
SPDEU019,Solaris,Production,Germany,19
LIIRL015,Linux,Integration,Ireland,15
STDEU014,Solaris,Test,Germany,14
SSDEU017,Solaris,Staging,Germany,17
LIFRA007,Linux,Integration,France,7
LTESP011,Linux,Test,Spain,11
ADIRL012,AIX,Development,Ireland,12
ATDEU015,AIX,Test,Germany,15
ATESP013,AIX,Test,Spain,13
ASNOR005,AIX,Staging,Norway,5
LTIRL025,Linux,Test,Ireland,25
ASITA010,AIX,Staging,Italy,10
LSIRL024,Linux,Staging,Ireland,24
STESP012,Solaris,Test,Spain,12
HIIRL002,HP-UX,Integration,Ireland,2
SSIRL024,Solaris,Staging,Ireland,24
SINOR001,Solaris,Integration,Norway,1
SIESP008,Solaris,Integration,Spain,8
LTITA016,Linux,Test,Italy,16
LPIRL050,Linux,Production,Ireland,50
ATDEU016,AIX,Test,Germany,16
LSIRL025,Linux,Staging,Ireland,25
SIIRL007,Solaris,Integration,Ireland,7
SPNOR003,Solaris,Production,Norway,3
SIFRA003,Solaris,Integration,France,3
LDESP007,Linux,Development,Spain,7
APIRL028,AIX,Production,Ireland,28
LIESP010,Linux,Integration,Spain,10
LPITA018,Linux,Production,Italy,18
LPDEU032,Linux,Production,Germany,32
LDFRA006,Linux,Development,France,6
SIESP009,Solaris,Integration,Spain,9
LDITA009,Linux,Development,Italy,9
STDEU015,Solaris,Test,Germany,15
LIESP011,Linux,Integration,Spain,11
LPIRL051,Linux,Production,Ireland,51
SSESP007,Solaris,Staging,Spain,7
ASDEU014,AIX,Staging,Germany,14
LDIRL016,Linux,Development,Ireland,16
LTDEU016,Linux,Test,Germany,16
LSIRL026,Linux,Staging,Ireland,26
ATIRL012,AIX,Test,Ireland,12
HSESP006,HP-UX,Staging,Spain,6
AIDEU004,AIX,Integration,Germany,4
HPITA004,HP-UX,Production,Italy,4
LTDEU017,Linux,Test,Germany,17
APITA006,AIX,Production,Italy,6
LDESP008,Linux,Development,Spain,8
SSDEU018,Solaris,Staging,Germany,18
AIDEU005,AIX,Integration,Germany,5
LDESP009,Linux,Development,Spain,9
LTNOR011,Linux,Test,Norway,11
ASNOR006,AIX,Staging,Norway,6
LPDEU033,Linux,Production,Germany,33
SSESP008,Solaris,Staging,Spain,8
APIRL029,AIX,Production,Ireland,29
SIITA008,Solaris,Integration,Italy,8
HDIRL004,HP-UX,Development,Ireland,4
LPFRA014,Linux,Production,France,14
LSITA019,Linux,Staging,Italy,19
LTDEU018,Linux,Test,Germany,18
SSIRL025,Solaris,Staging,Ireland,25
SPITA027,Solaris,Production,Italy,27
APITA007,AIX,Production,Italy,7
LDDEU013,Linux,Development,Germany,13
APESP017,AIX,Production,Spain,17
LPITA019,Linux,Production,Italy,19
LSDEU032,Linux,Staging,Germany,32
SPIRL025,Solaris,Production,Ireland,25
LPITA020,Linux,Production,Italy,20
LSIRL027,Linux,Staging,Ireland,27
ATIRL013,AIX,Test,Ireland,13
LPDEU034,Linux,Production,Germany,34
LIITA003,Linux,Integration,Italy,3
LIITA004,Linux,Integration,Italy,4
ASIRL020,AIX,Staging,Ireland,20
LTIRL026,Linux,Test,Ireland,26
LPESP017,Linux,Production,Spain,17
SDITA010,Solaris,Development,Italy,10
LPIRL052,Linux,Production,Ireland,52
LDDEU014,Linux,Development,Germany,14
HPDEU010,HP-UX,Production,Germany,10
ATIRL014,AIX,Test,Ireland,14
LTDEU019,Linux,Test,Germany,19
APDEU011,AIX,Production,Germany,11
LTNOR012,Linux,Test,Norway,12
SPIRL026,Solaris,Production,Ireland,26
LPITA021,Linux,Production,Italy,21
STIRL024,Solaris,Test,Ireland,24
LTDEU020,Linux,Test,Germany,20
LSIRL028,Linux,Staging,Ireland,28
LTDEU021,Linux,Test,Germany,21
LIIRL016,Linux,Integration,Ireland,16
HDITA004,HP-UX,Development,Italy,4
LPITA022,Linux,Production,Italy,22
LTDEU022,Linux,Test,Germany,22
SIESP010,Solaris,Integration,Spain,10
LPDEU035,Linux,Production,Germany,35
LTIRL027,Linux,Test,Ireland,27
SDDEU006,Solaris,Development,Germany,6
SPDEU020,Solaris,Production,Germany,20
ASIRL021,AIX,Staging,Ireland,21
LIDEU008,Linux,Integration,Germany,8
STITA019,Solaris,Test,Italy,19
ATITA009,AIX,Test,Italy,9
LPITA023,Linux,Production,Italy,23
ATDEU017,AIX,Test,Germany,17
LSDEU033,Linux,Staging,Germany,33
LPITA024,Linux,Production,Italy,24
LTIRL028,Linux,Test,Ireland,28
SDDEU007,Solaris,Development,Germany,7
SPIRL027,Solaris,Production,Ireland,27
ATFRA007,AIX,Test,France,7
LSIRL029,Linux,Staging,Ireland,29
STDEU016,Solaris,Test,Germany,16
STIRL025,Solaris,Test,Ireland,25
STDEU017,Solaris,Test,Germany,17
STITA020,Solaris,Test,Italy,20
STDEU018,Solaris,Test,Germany,18
STIRL026,Solaris,Test,Ireland,26
ASDEU015,AIX,Staging,Germany,15
LDESP010,Linux,Development,Spain,10
LTESP012,Linux,Test,Spain,12
SIDEU010,Solaris,Integration,Germany,10
ASFRA004,AIX,Staging,France,4
LTITA017,Linux,Test,Italy,17
LPDEU036,Linux,Production,Germany,36
LTITA018,Linux,Test,Italy,18
HPFRA002,HP-UX,Production,France,2
SPITA028,Solaris,Production,Italy,28
ASESP008,AIX,Staging,Spain,8
SPDEU021,Solaris,Production,Germany,21
HTIRL005,HP-UX,Test,Ireland,5
HPIRL015,HP-UX,Production,Ireland,15
SSESP009,Solaris,Staging,Spain,9
ATESP014,AIX,Test,Spain,14
ASDEU016,AIX,Staging,Germany,16
LDDEU015,Linux,Development,Germany,15
SPDEU022,Solaris,Production,Germany,22
ASESP009,AIX,Staging,Spain,9
LPITA025,Linux,Production,Italy,25
LTITA019,Linux,Test,Italy,19
LTIRL029,Linux,Test,Ireland,29
LPITA026,Linux,Production,Italy,26
APESP018,AIX,Production,Spain,18
LTIRL030,Linux,Test,Ireland,30
ATFRA008,AIX,Test,France,8
APIRL030,AIX,Production,Ireland,30
APIRL031,AIX,Production,Ireland,31
SSDEU019,Solaris,Staging,Germany,19
SDIRL008,Solaris,Development,Ireland,8
HPDEU011,HP-UX,Production,Germany,11
SSDEU020,Solaris,Staging,Germany,20
SDDEU008,Solaris,Development,Germany,8
LSITA020,Linux,Staging,Italy,20
ATDEU018,AIX,Test,Germany,18
LDITA010,Linux,Development,Italy,10
HDESP004,HP-UX,Development,Spain,4
LPDEU037,Linux,Production,Germany,37
ATFRA009,AIX,Test,France,9
STITA021,Solaris,Test,Italy,21
SPDEU023,Solaris,Production,Germany,23
LPDEU038,Linux,Production,Germany,38
LDESP011,Linux,Development,Spain,11
APIRL032,AIX,Production,Ireland,32
LPNOR008,Linux,Production,Norway,8
LIIRL017,Linux,Integration,Ireland,17
LIIRL018,Linux,Integration,Ireland,18
HPFRA003,HP-UX,Production,France,3
APDEU012,AIX,Production,Germany,12
ATFRA010,AIX,Test,France,10
LSIRL030,Linux,Staging,Ireland,30
APITA008,AIX,Production,Italy,8
LSIRL031,Linux,Staging,Ireland,31
LTIRL031,Linux,Test,Ireland,31
ATIRL015,AIX,Test,Ireland,15
HTITA006,HP-UX,Test,Italy,6
LPDEU039,Linux,Production,Germany,39
SPITA029,Solaris,Production,Italy,29
ASESP010,AIX,Staging,Spain,10
ASIRL022,AIX,Staging,Ireland,22
SSDEU021,Solaris,Staging,Germany,21
STNOR009,Solaris,Test,Norway,9
LTFRA008,Linux,Test,France,8
SSFRA009,Solaris,Staging,France,9
LTDEU023,Linux,Test,Germany,23
LPDEU040,Linux,Production,Germany,40
SPIRL028,Solaris,Production,Ireland,28
LPIRL053,Linux,Production,Ireland,53
ADITA003,AIX,Development,Italy,3
LTESP013,Linux,Test,Spain,13
SSFRA010,Solaris,Staging,France,10
ASDEU017,AIX,Staging,Germany,17
HPDEU012,HP-UX,Production,Germany,12
ASITA011,AIX,Staging,Italy,11
HSDEU012,HP-UX,Staging,Germany,12
LPESP018,Linux,Production,Spain,18
LSESP018,Linux,Staging,Spain,18
SPFRA011,Solaris,Production,France,11
LIFRA008,Linux,Integration,France,8
SIIRL008,Solaris,Integration,Ireland,8
HDITA005,HP-UX,Development,Italy,5
HPFRA004,HP-UX,Production,France,4
HDDEU005,HP-UX,Development,Germany,5
SPIRL029,Solaris,Production,Ireland,29
HSITA005,HP-UX,Staging,Italy,5
APNOR006,AIX,Production,Norway,6
ADIRL013,AIX,Development,Ireland,13
STIRL027,Solaris,Test,Ireland,27
SSESP010,Solaris,Staging,Spain,10
HSESP007,HP-UX,Staging,Spain,7
APDEU013,AIX,Production,Germany,13
LIIRL019,Linux,Integration,Ireland,19
SPITA030,Solaris,Production,Italy,30
STIRL028,Solaris,Test,Ireland,28
LSESP019,Linux,Staging,Spain,19
ATITA010,AIX,Test,Italy,10
LIDEU009,Linux,Integration,Germany,9
LIDEU010,Linux,Integration,Germany,10
LPDEU041,Linux,Production,Germany,41
SSIRL026,Solaris,Staging,Ireland,26
APIRL033,AIX,Production,Ireland,33
LPITA027,Linux,Production,Italy,27
ATDEU019,AIX,Test,Germany,19
LDESP012,Linux,Development,Spain,12
LSITA021,Linux,Staging,Italy,21
APNOR007,AIX,Production,Norway,7
LSDEU034,Linux,Staging,Germany,34
SSNOR003,Solaris,Staging,Norway,3
SIESP011,Solaris,Integration,Spain,11
HPESP007,HP-UX,Production,Spain,7
SSFRA011,Solaris,Staging,France,11
LIDEU011,Linux,Integration,Germany,11
LSESP020,Linux,Staging,Spain,20
LPFRA015,Linux,Production,France,15
LPNOR009,Linux,Production,Norway,9
SPESP015,Solaris,Production,Spain,15
ATIRL016,AIX,Test,Ireland,16
HPFRA005,HP-UX,Production,France,5
SSIRL027,Solaris,Staging,Ireland,27
SDDEU009,Solaris,Development,Germany,9
APESP019,AIX,Production,Spain,19
STDEU019,Solaris,Test,Germany,19
SPDEU024,Solaris,Production,Germany,24
STFRA009,Solaris,Test,France,9
LDIRL017,Linux,Development,Ireland,17
LSIRL032,Linux,Staging,Ireland,32
LDITA011,Linux,Development,Italy,11
ASIRL023,AIX,Staging,Ireland,23
SPNOR004,Solaris,Production,Norway,4
LIIRL020,Linux,Integration,Ireland,20
LSIRL033,Linux,Staging,Ireland,33
LDIRL018,Linux,Development,Ireland,18
LTIRL032,Linux,Test,Ireland,32
ASIRL024,AIX,Staging,Ireland,24
LDESP013,Linux,Development,Spain,13
LDIRL019,Linux,Development,Ireland,19
ASIRL025,AIX,Staging,Ireland,25
LSDEU035,Linux,Staging,Germany,35
LPESP019,Linux,Production,Spain,19
LPDEU042,Linux,Production,Germany,42
SIDEU011,Solaris,Integration,Germany,11
ASIRL026,AIX,Staging,Ireland,26
AIDEU006,AIX,Integration,Germany,6
LDDEU016,Linux,Development,Germany,16
SSIRL028,Solaris,Staging,Ireland,28
LPESP020,Linux,Production,Spain,20
LTDEU024,Linux,Test,Germany,24
LTNOR013,Linux,Test,Norway,13
LPFRA016,Linux,Production,France,16
APITA009,AIX,Production,Italy,9
APIRL034,AIX,Production,Ireland,34
LSIRL034,Linux,Staging,Ireland,34
STDEU020,Solaris,Test,Germany,20
LDITA012,Linux,Development,Italy,12
SPIRL030,Solaris,Production,Ireland,30
STITA022,Solaris,Test,Italy,22
SIIRL009,Solaris,Integration,Ireland,9
SSIRL029,Solaris,Staging,Ireland,29
SPNOR005,Solaris,Production,Norway,5
LPIRL054,Linux,Production,Ireland,54
SPIRL031,Solaris,Production,Ireland,31
LTIRL033,Linux,Test,Ireland,33
SSIRL030,Solaris,Staging,Ireland,30
LPDEU043,Linux,Production,Germany,43
LTITA020,Linux,Test,Italy,20
LTESP014,Linux,Test,Spain,14
HPIRL016,HP-UX,Production,Ireland,16
SSFRA012,Solaris,Staging,France,12
LIESP012,Linux,Integration,Spain,12
STESP013,Solaris,Test,Spain,13
SPIRL032,Solaris,Production,Ireland,32
HSESP008,HP-UX,Staging,Spain,8
ATITA011,AIX,Test,Italy,11
STFRA010,Solaris,Test,France,10
SPDEU025,Solaris,Production,Germany,25
APDEU014,AIX,Production,Germany,14
SPIRL033,Solaris,Production,Ireland,33
HSITA006,HP-UX,Staging,Italy,6
LPESP021,Linux,Production,Spain,21
LDIRL020,Linux,Development,Ireland,20
LSESP021,Linux,Staging,Spain,21
STDEU021,Solaris,Test,Germany,21
SSIRL031,Solaris,Staging,Ireland,31
LDESP014,Linux,Development,Spain,14
STIRL029,Solaris,Test,Ireland,29
LSESP022,Linux,Staging,Spain,22
STESP014,Solaris,Test,Spain,14
SPDEU026,Solaris,Production,Germany,26
ASDEU018,AIX,Staging,Germany,18
LTIRL034,Linux,Test,Ireland,34
HSFRA002,HP-UX,Staging,France,2
LTITA021,Linux,Test,Italy,21
STDEU022,Solaris,Test,Germany,22
HSESP009,HP-UX,Staging,Spain,9
LINOR003,Linux,Integration,Norway,3
LPFRA017,Linux,Production,France,17
ATDEU020,AIX,Test,Germany,20
STESP015,Solaris,Test,Spain,15
LDDEU017,Linux,Development,Germany,17
SSESP011,Solaris,Staging,Spain,11
HSIRL010,HP-UX,Staging,Ireland,10
LPIRL055,Linux,Production,Ireland,55
SIFRA004,Solaris,Integration,France,4
LSIRL035,Linux,Staging,Ireland,35
SSIRL032,Solaris,Staging,Ireland,32
SPIRL034,Solaris,Production,Ireland,34
SSITA012,Solaris,Staging,Italy,12
LPITA028,Linux,Production,Italy,28
HINOR001,HP-UX,Integration,Norway,1
SPIRL035,Solaris,Production,Ireland,35
STDEU023,Solaris,Test,Germany,23
LSNOR005,Linux,Staging,Norway,5
ASIRL027,AIX,Staging,Ireland,27
SSITA013,Solaris,Staging,Italy,13
STIRL030,Solaris,Test,Ireland,30
HSITA007,HP-UX,Staging,Italy,7
SPITA031,Solaris,Production,Italy,31
SSESP012,Solaris,Staging,Spain,12
SPDEU027,Solaris,Production,Germany,27
LIDEU012,Linux,Integration,Germany,12
SPIRL036,Solaris,Production,Ireland,36
LSIRL036,Linux,Staging,Ireland,36
LPESP022,Linux,Production,Spain,22
APITA010,AIX,Production,Italy,10
LTESP015,Linux,Test,Spain,15
APDEU015,AIX,Production,Germany,15
ASDEU019,AIX,Staging,Germany,19
SSDEU022,Solaris,Staging,Germany,22
LDFRA007,Linux,Development,France,7
SSDEU023,Solaris,Staging,Germany,23
APESP020,AIX,Production,Spain,20
LDDEU018,Linux,Development,Germany,18
ASDEU020,AIX,Staging,Germany,20
LTDEU025,Linux,Test,Germany,25
ATIRL017,AIX,Test,Ireland,17
SDIRL009,Solaris,Development,Ireland,9
LSIRL037,Linux,Staging,Ireland,37
LSIRL038,Linux,Staging,Ireland,38
STDEU024,Solaris,Test,Germany,24
LPIRL056,Linux,Production,Ireland,56
AIDEU007,AIX,Integration,Germany,7
HDDEU006,HP-UX,Development,Germany,6
LSNOR006,Linux,Staging,Norway,6
ATITA012,AIX,Test,Italy,12
LSDEU036,Linux,Staging,Germany,36
LTIRL035,Linux,Test,Ireland,35
SSESP013,Solaris,Staging,Spain,13
ATNOR002,AIX,Test,Norway,2
SDITA011,Solaris,Development,Italy,11
LDIRL021,Linux,Development,Ireland,21
SDDEU010,Solaris,Development,Germany,10
LSFRA008,Linux,Staging,France,8
LSDEU037,Linux,Staging,Germany,37
STDEU025,Solaris,Test,Germany,25
LSITA022,Linux,Staging,Italy,22
LSIRL039,Linux,Staging,Ireland,39
SSIRL033,Solaris,Staging,Ireland,33
ASNOR007,AIX,Staging,Norway,7
HTITA007,HP-UX,Test,Italy,7
LDESP015,Linux,Development,Spain,15
HTFRA005,HP-UX,Test,France,5
STDEU026,Solaris,Test,Germany,26
LTDEU026,Linux,Test,Germany,26
HPESP008,HP-UX,Production,Spain,8
HTFRA006,HP-UX,Test,France,6
AIIRL012,AIX,Integration,Ireland,12
HPIRL017,HP-UX,Production,Ireland,17
ASITA012,AIX,Staging,Italy,12
SSIRL034,Solaris,Staging,Ireland,34
LPDEU044,Linux,Production,Germany,44
LPDEU045,Linux,Production,Germany,45
LTFRA009,Linux,Test,France,9
LSFRA009,Linux,Staging,France,9
LSESP023,Linux,Staging,Spain,23
ATESP015,AIX,Test,Spain,15
LIIRL021,Linux,Integration,Ireland,21
APIRL035,AIX,Production,Ireland,35
HTITA008,HP-UX,Test,Italy,8
APNOR008,AIX,Production,Norway,8
ASDEU021,AIX,Staging,Germany,21
LSIRL040,Linux,Staging,Ireland,40
LPDEU046,Linux,Production,Germany,46
HPITA005,HP-UX,Production,Italy,5
APDEU016,AIX,Production,Germany,16
HSIRL011,HP-UX,Staging,Ireland,11
LIITA005,Linux,Integration,Italy,5
LSIRL041,Linux,Staging,Ireland,41
HTESP005,HP-UX,Test,Spain,5
SPITA032,Solaris,Production,Italy,32
LDIRL022,Linux,Development,Ireland,22
LTESP016,Linux,Test,Spain,16
HDNOR001,HP-UX,Development,Norway,1
LDIRL023,Linux,Development,Ireland,23
SPIRL037,Solaris,Production,Ireland,37
STIRL031,Solaris,Test,Ireland,31
SIFRA005,Solaris,Integration,France,5
SDDEU011,Solaris,Development,Germany,11
LTFRA010,Linux,Test,France,10
LTNOR014,Linux,Test,Norway,14
ADIRL014,AIX,Development,Ireland,14
LSESP024,Linux,Staging,Spain,24
LIDEU013,Linux,Integration,Germany,13
SSDEU024,Solaris,Staging,Germany,24
ATFRA011,AIX,Test,France,11
STIRL032,Solaris,Test,Ireland,32
SIESP012,Solaris,Integration,Spain,12
ADIRL015,AIX,Development,Ireland,15
ATITA013,AIX,Test,Italy,13
LPITA029,Linux,Production,Italy,29
LTESP017,Linux,Test,Spain,17
HTFRA007,HP-UX,Test,France,7
SIDEU012,Solaris,Integration,Germany,12
APESP021,AIX,Production,Spain,21
LPDEU047,Linux,Production,Germany,47
HSIRL012,HP-UX,Staging,Ireland,12
SIIRL010,Solaris,Integration,Ireland,10
ASDEU022,AIX,Staging,Germany,22
LTIRL036,Linux,Test,Ireland,36
LTIRL037,Linux,Test,Ireland,37
LPDEU048,Linux,Production,Germany,48
SIIRL011,Solaris,Integration,Ireland,11
SSESP014,Solaris,Staging,Spain,14
ASDEU023,AIX,Staging,Germany,23
ATESP016,AIX,Test,Spain,16
